,date,full_name,price
0,2022-03-18,iPhone 11 256 Go État correct,499.0155765190983
1,2022-03-19,iPhone 11 256 Go État correct,499.49832700719287
2,2022-03-20,iPhone 11 256 Go État correct,499.48294180558895
3,2022-04-20,iPhone 11 256 Go État correct,456.2942118400616
4,2022-04-21,iPhone 11 256 Go État correct,459.9415424397672
5,2022-04-22,iPhone 11 256 Go État correct,464.02439428773647
6,2022-04-23,iPhone 11 256 Go État correct,468.42894605993473
7,2022-04-24,iPhone 11 256 Go État correct,473.0413764323274
8,2022-04-25,iPhone 11 256 Go État correct,477.7478640808799
9,2022-04-26,iPhone 11 256 Go État correct,482.4345876815576
10,2022-04-28,iPhone 11 256 Go État correct,491.2934574431503
11,2022-04-29,iPhone 11 256 Go État correct,495.2379609559961
12,2022-04-30,iPhone 11 256 Go État correct,498.7074151248288
13,2022-05-01,iPhone 11 256 Go État correct,501.6143359069988
14,2022-05-02,iPhone 11 256 Go État correct,503.9765883853963
15,2022-05-03,iPhone 11 256 Go État correct,505.8383749242964
16,2022-05-04,iPhone 11 256 Go État correct,507.2438978879744
17,2022-05-05,iPhone 11 256 Go État correct,508.23612548579626
18,2022-05-06,iPhone 11 256 Go État correct,508.85308930748965
19,2022-05-07,iPhone 11 256 Go État correct,509.1315867878736
20,2022-05-08,iPhone 11 256 Go État correct,509.1084153617664
21,2022-05-09,iPhone 11 256 Go État correct,508.82037246398727
22,2022-05-10,iPhone 11 256 Go État correct,508.3042555293548
23,2022-05-11,iPhone 11 256 Go État correct,507.5968619926873
24,2022-05-12,iPhone 11 256 Go État correct,506.7349892888038
25,2022-05-13,iPhone 11 256 Go État correct,505.7554348525228
26,2022-05-14,iPhone 11 256 Go État correct,504.6949961186633
27,2022-05-15,iPhone 11 256 Go État correct,503.5866495485818
28,2022-05-16,iPhone 11 256 Go État correct,502.4480877097882
29,2022-05-17,iPhone 11 256 Go État correct,501.29318219633
30,2022-05-18,iPhone 11 256 Go État correct,500.1358046022546
31,2022-05-19,iPhone 11 256 Go État correct,498.9898265216101
32,2022-05-20,iPhone 11 256 Go État correct,497.869119548444
33,2022-05-21,iPhone 11 256 Go État correct,496.7875552768039
34,2022-05-22,iPhone 11 256 Go État correct,495.7590053007376
35,2022-05-23,iPhone 11 256 Go État correct,494.7973412142927
36,2022-05-24,iPhone 11 256 Go État correct,493.9164346115169
37,2022-05-25,iPhone 11 256 Go État correct,493.13015708645815
38,2022-05-26,iPhone 11 256 Go État correct,492.4523802331637
39,2022-05-27,iPhone 11 256 Go État correct,491.89697564568144
40,2022-05-28,iPhone 11 256 Go État correct,491.4778149180591
41,2022-05-29,iPhone 11 256 Go État correct,491.2915863649548
42,2022-05-30,iPhone 11 256 Go État correct,491.7662451834694
43,2022-05-31,iPhone 11 256 Go État correct,493.4125632913143
44,2022-06-01,iPhone 11 256 Go État correct,496.7413126062008
45,2022-06-02,iPhone 11 256 Go État correct,502.26326504584017
46,2022-06-03,iPhone 11 256 Go État correct,510.48919252794406
47,2022-06-04,iPhone 11 256 Go État correct,521.0514448347387
48,2022-06-05,iPhone 11 256 Go État correct,530.0686832065121
49,2022-06-06,iPhone 11 256 Go État correct,534.0991835264854
50,2022-06-07,iPhone 11 256 Go État correct,534.9733687915535
51,2022-06-08,iPhone 11 256 Go État correct,535.3148821870911
52,2022-06-09,iPhone 11 256 Go État correct,535.6481005387197
53,2022-06-10,iPhone 11 256 Go État correct,535.9725840821212
54,2022-06-11,iPhone 11 256 Go État correct,536.2878930529786
55,2022-06-12,iPhone 11 256 Go État correct,536.5935876869739
56,2022-06-13,iPhone 11 256 Go État correct,536.8892282197901
57,2022-06-14,iPhone 11 256 Go État correct,537.1743748871093
58,2022-07-01,iPhone 11 256 Go État correct,539.9901751868579
59,2022-07-02,iPhone 11 256 Go État correct,540.0112325769406
60,2022-07-03,iPhone 11 256 Go État correct,540.0134405794942
61,2022-07-04,iPhone 11 256 Go État correct,539.9963594302006
62,2022-07-05,iPhone 11 256 Go État correct,539.9595493647427
63,2022-07-06,iPhone 11 256 Go État correct,539.9025706188028
64,2022-07-07,iPhone 11 256 Go État correct,539.8249834280635
65,2022-07-08,iPhone 11 256 Go État correct,539.7263480282072
66,2022-07-10,iPhone 11 256 Go État correct,539.464173543874
67,2022-07-11,iPhone 11 256 Go État correct,539.299754930762
68,2022-07-12,iPhone 11 256 Go État correct,539.1125290512629
69,2022-07-13,iPhone 11 256 Go État correct,538.9020561410595
70,2022-07-14,iPhone 11 256 Go État correct,538.6678964358341
71,2022-07-15,iPhone 11 256 Go État correct,538.4096101712692
72,2022-07-16,iPhone 11 256 Go État correct,538.1267575830473
73,2022-07-17,iPhone 11 256 Go État correct,537.8188989068508
74,2022-07-18,iPhone 11 256 Go État correct,537.4855943783625
75,2022-07-19,iPhone 11 256 Go État correct,537.1264042332648
76,2022-07-20,iPhone 11 256 Go État correct,536.74088870724
77,2022-07-21,iPhone 11 256 Go État correct,536.3286080359707
78,2022-07-22,iPhone 11 256 Go État correct,535.8891224551394
79,2022-07-23,iPhone 11 256 Go État correct,535.4219922004286
80,2022-07-25,iPhone 11 256 Go État correct,534.4030386120986
81,2022-07-26,iPhone 11 256 Go État correct,533.8503357498444
82,2022-07-28,iPhone 11 256 Go État correct,532.6562790675697
83,2022-07-29,iPhone 11 256 Go État correct,532.0140457189142
84,2022-07-30,iPhone 11 256 Go État correct,531.3410893461569
85,2022-07-31,iPhone 11 256 Go État correct,530.6369701849801
86,2022-08-01,iPhone 11 256 Go État correct,529.9012484710661
87,2022-08-02,iPhone 11 256 Go État correct,529.1334844400977
88,2022-08-03,iPhone 11 256 Go État correct,528.3332383277573
89,2022-08-04,iPhone 11 256 Go État correct,527.5000703697272
90,2022-08-05,iPhone 11 256 Go État correct,526.6335408016901
91,2022-08-06,iPhone 11 256 Go État correct,525.7332098593284
92,2022-08-07,iPhone 11 256 Go État correct,524.7993564364082
93,2022-08-08,iPhone 11 256 Go État correct,523.835134059029
94,2022-08-11,iPhone 11 256 Go État correct,520.7989750419703
95,2022-08-12,iPhone 11 256 Go État correct,519.7519986885876
96,2022-08-13,iPhone 11 256 Go État correct,518.694014301662
97,2022-08-14,iPhone 11 256 Go État correct,517.6288940653766
98,2022-08-15,iPhone 11 256 Go État correct,516.5605101639148
99,2022-08-16,iPhone 11 256 Go État correct,515.4927347814594
100,2022-08-17,iPhone 11 256 Go État correct,514.4294401021938
101,2022-08-18,iPhone 11 256 Go État correct,513.3744983103015
102,2022-08-19,iPhone 11 256 Go État correct,512.3317815899653
103,2022-08-20,iPhone 11 256 Go État correct,511.3051621253685
104,2022-08-21,iPhone 11 256 Go État correct,510.2985121006942
105,2022-08-22,iPhone 11 256 Go État correct,509.3157037001257
106,2022-08-23,iPhone 11 256 Go État correct,508.3606091078461
107,2022-08-24,iPhone 11 256 Go État correct,507.4371005080389
108,2022-08-27,iPhone 11 256 Go État correct,504.89481250528144
109,2022-08-28,iPhone 11 256 Go État correct,504.1363697171946
110,2022-08-29,iPhone 11 256 Go État correct,503.4288738424958
111,2022-08-31,iPhone 11 256 Go État correct,502.1822115699951
112,2022-09-09,iPhone 11 256 Go État correct,499.42251425669497
113,2022-09-21,iPhone 11 256 Go État correct,497.6348014632467
114,2022-09-22,iPhone 11 256 Go État correct,497.4623056027009
115,2022-09-23,iPhone 11 256 Go État correct,497.2862828680053
116,2022-09-25,iPhone 11 256 Go État correct,496.92385708608094
117,2022-09-26,iPhone 11 256 Go État correct,496.7375541938112
118,2022-09-27,iPhone 11 256 Go État correct,496.54792473730856
119,2022-09-28,iPhone 11 256 Go État correct,496.35501879405217
120,2022-09-29,iPhone 11 256 Go État correct,496.1588864415216
121,2022-09-30,iPhone 11 256 Go État correct,495.95957775719575
122,2022-10-01,iPhone 11 256 Go État correct,495.7571428185541
123,2022-10-02,iPhone 11 256 Go État correct,495.55163170307605
124,2022-10-03,iPhone 11 256 Go État correct,495.34309448824064
125,2022-10-04,iPhone 11 256 Go État correct,495.13158125152734
126,2022-10-05,iPhone 11 256 Go État correct,494.9171420704152
127,2022-10-06,iPhone 11 256 Go État correct,494.69982702238326
128,2022-10-07,iPhone 11 256 Go État correct,494.4796861849113
129,2022-10-08,iPhone 11 256 Go État correct,494.2567696354784
130,2022-10-09,iPhone 11 256 Go État correct,494.0311274515638
131,2022-10-10,iPhone 11 256 Go État correct,493.80280971064656
132,2022-10-11,iPhone 11 256 Go État correct,493.5718664902062
133,2022-10-12,iPhone 11 256 Go État correct,493.33834786772206
134,2022-10-13,iPhone 11 256 Go État correct,493.1023039206731
135,2022-10-14,iPhone 11 256 Go État correct,492.86378472653865
136,2022-10-15,iPhone 11 256 Go État correct,492.6228403627982
137,2022-10-16,iPhone 11 256 Go État correct,492.3795209069309
138,2022-10-17,iPhone 11 256 Go État correct,492.1338764364157
139,2022-10-18,iPhone 11 256 Go État correct,491.8859570287324
140,2022-10-19,iPhone 11 256 Go État correct,491.63581276135983
141,2022-10-20,iPhone 11 256 Go État correct,491.38349371177753
142,2022-10-21,iPhone 11 256 Go État correct,491.1290499574646
143,2022-10-22,iPhone 11 256 Go État correct,490.8725315759003
144,2022-10-23,iPhone 11 256 Go État correct,490.613988644564
145,2022-10-24,iPhone 11 256 Go État correct,490.3534712409348
146,2022-10-25,iPhone 11 256 Go État correct,490.0910294424921
147,2022-10-26,iPhone 11 256 Go État correct,489.8267133267152
148,2022-10-27,iPhone 11 256 Go État correct,489.5605729710833
149,2022-10-28,iPhone 11 256 Go État correct,489.2926584530756
150,2022-10-29,iPhone 11 256 Go État correct,489.0230198501713
151,2022-10-30,iPhone 11 256 Go État correct,488.7517072398499
152,2022-10-31,iPhone 11 256 Go État correct,488.4787706995905
153,2022-11-01,iPhone 11 256 Go État correct,488.2042603068722
154,2022-11-02,iPhone 11 256 Go État correct,487.9282261391749
155,2022-11-03,iPhone 11 256 Go État correct,487.6507182739771
156,2022-11-04,iPhone 11 256 Go État correct,487.3717867887584
157,2022-11-05,iPhone 11 256 Go État correct,487.091481760998
158,2022-11-06,iPhone 11 256 Go État correct,486.8098532681754
159,2022-11-07,iPhone 11 256 Go État correct,486.5269513877695
160,2022-11-08,iPhone 11 256 Go État correct,486.2428261972598
161,2022-11-09,iPhone 11 256 Go État correct,485.9575277741255
162,2022-11-10,iPhone 11 256 Go État correct,485.6711061958456
163,2022-11-11,iPhone 11 256 Go État correct,485.3836115398998
164,2022-11-12,iPhone 11 256 Go État correct,485.0950938837673
165,2022-11-13,iPhone 11 256 Go État correct,484.8056033049271
166,2022-11-14,iPhone 11 256 Go État correct,484.51518988085854
167,2022-11-15,iPhone 11 256 Go État correct,484.223903689041
168,2022-11-16,iPhone 11 256 Go État correct,483.9317948069536
169,2022-11-17,iPhone 11 256 Go État correct,483.6389133120758
170,2022-11-18,iPhone 11 256 Go État correct,483.3453092818866
171,2022-11-19,iPhone 11 256 Go État correct,483.05103279386543
172,2022-11-20,iPhone 11 256 Go État correct,482.7561339254917
173,2022-11-21,iPhone 11 256 Go État correct,482.4606627542443
174,2022-11-22,iPhone 11 256 Go État correct,482.1646693576028
175,2022-11-23,iPhone 11 256 Go État correct,481.8682038130464
176,2022-11-24,iPhone 11 256 Go État correct,481.5713161980541
177,2022-11-25,iPhone 11 256 Go État correct,481.27405659010543
178,2022-11-26,iPhone 11 256 Go État correct,480.9764750666796
179,2022-11-27,iPhone 11 256 Go État correct,480.6786217052559
180,2022-11-28,iPhone 11 256 Go État correct,480.3805465833136
181,2022-11-29,iPhone 11 256 Go État correct,480.08229977833184
182,2022-11-30,iPhone 11 256 Go État correct,479.7839313677901
183,2022-12-01,iPhone 11 256 Go État correct,479.4854914291673
184,2022-12-02,iPhone 11 256 Go État correct,479.187030039943
185,2022-12-03,iPhone 11 256 Go État correct,478.88859727759626
186,2022-12-04,iPhone 11 256 Go État correct,478.6868233575472
187,2022-12-05,iPhone 11 256 Go État correct,479.06465904697785
188,2022-12-06,iPhone 11 256 Go État correct,480.4225758343151
189,2022-12-07,iPhone 11 256 Go État correct,482.4448075411996
190,2022-12-08,iPhone 11 256 Go État correct,484.6365285725761
191,2022-12-09,iPhone 11 256 Go État correct,486.5029133333891
192,2022-12-10,iPhone 11 256 Go État correct,487.5491362285834
193,2022-12-11,iPhone 11 256 Go État correct,487.77755494196106
194,2022-12-12,iPhone 11 256 Go État correct,488.7124853216444
195,2022-12-13,iPhone 11 256 Go État correct,490.5083266901762
196,2022-12-14,iPhone 11 256 Go État correct,492.8527034189897
197,2022-12-15,iPhone 11 256 Go État correct,495.4332398795183
198,2022-12-16,iPhone 11 256 Go État correct,497.9574134923036
199,2022-12-17,iPhone 11 256 Go État correct,500.2121138743212
200,2022-12-18,iPhone 11 256 Go État correct,502.0040836916551
201,2022-12-19,iPhone 11 256 Go État correct,503.1802090354478
202,2022-12-20,iPhone 11 256 Go État correct,503.7479496970781
203,2022-12-21,iPhone 11 256 Go État correct,503.7549088929838
204,2022-12-22,iPhone 11 256 Go État correct,503.2486898396023
205,2022-12-23,iPhone 11 256 Go État correct,502.2768957533716
206,2022-12-24,iPhone 11 256 Go État correct,500.8871298507291
207,2022-12-25,iPhone 11 256 Go État correct,499.12699534811264
208,2022-12-26,iPhone 11 256 Go État correct,497.0440954619599
209,2022-12-27,iPhone 11 256 Go État correct,494.6860334087084
210,2022-12-28,iPhone 11 256 Go État correct,492.1004124047959
211,2022-12-29,iPhone 11 256 Go État correct,489.3348356666602
212,2022-12-30,iPhone 11 256 Go État correct,486.4369064107386
213,2022-12-31,iPhone 11 256 Go État correct,483.4542278534691
214,2023-01-01,iPhone 11 256 Go État correct,480.4344032112893
215,2023-01-02,iPhone 11 256 Go État correct,477.42503570063695
216,2023-01-03,iPhone 11 256 Go État correct,474.4737285379496
217,2023-01-04,iPhone 11 256 Go État correct,471.6210838871853
218,2023-01-05,iPhone 11 256 Go État correct,468.8796997023837
219,2023-01-06,iPhone 11 256 Go État correct,466.2551728851052
220,2023-01-07,iPhone 11 256 Go État correct,463.7531003369093
221,2023-01-08,iPhone 11 256 Go État correct,461.3790789593567
222,2023-01-09,iPhone 11 256 Go État correct,459.13870565400725
223,2023-01-10,iPhone 11 256 Go État correct,457.037577322421
224,2023-01-11,iPhone 11 256 Go État correct,455.08129086615816
225,2023-01-12,iPhone 11 256 Go État correct,453.27544318677866
226,2023-01-13,iPhone 11 256 Go État correct,451.62563118584274
227,2023-01-14,iPhone 11 256 Go État correct,450.1374517649103
228,2023-01-15,iPhone 11 256 Go État correct,448.8165018255417
229,2023-01-16,iPhone 11 256 Go État correct,447.6683782692968
230,2023-01-17,iPhone 11 256 Go État correct,446.698677997736
231,2023-01-18,iPhone 11 256 Go État correct,445.9129979124188
232,2023-01-19,iPhone 11 256 Go État correct,445.31693491490586
233,2023-01-20,iPhone 11 256 Go État correct,444.9160859067571
234,2023-01-21,iPhone 11 256 Go État correct,444.7160477895324
235,2023-01-22,iPhone 11 256 Go État correct,444.7224174647922
236,2023-01-23,iPhone 11 256 Go État correct,444.9407918340964
237,2023-01-24,iPhone 11 256 Go État correct,445.3736044627238
238,2023-01-25,iPhone 11 256 Go État correct,446.0106355708278
239,2023-01-26,iPhone 11 256 Go État correct,446.8385020422807
240,2023-01-27,iPhone 11 256 Go État correct,447.8438207609547
241,2023-01-28,iPhone 11 256 Go État correct,449.0132086107218
242,2023-01-29,iPhone 11 256 Go État correct,450.33328247545415
243,2023-01-30,iPhone 11 256 Go État correct,451.7906592390242
244,2023-01-31,iPhone 11 256 Go État correct,453.3719557853039
245,2023-02-01,iPhone 11 256 Go État correct,455.0637889981653
246,2023-02-02,iPhone 11 256 Go État correct,456.8527757614808
247,2023-02-03,iPhone 11 256 Go État correct,458.7255329591225
248,2023-02-04,iPhone 11 256 Go État correct,460.6686774749625
249,2023-02-05,iPhone 11 256 Go État correct,462.668826192873
250,2023-02-06,iPhone 11 256 Go État correct,464.7125959967263
251,2023-02-07,iPhone 11 256 Go État correct,466.7866037703943
252,2023-02-08,iPhone 11 256 Go État correct,468.8774663977494
253,2023-02-09,iPhone 11 256 Go État correct,470.9718007626636
254,2023-02-10,iPhone 11 256 Go État correct,473.0562237490092
255,2023-02-11,iPhone 11 256 Go État correct,475.1173522406583
256,2023-02-12,iPhone 11 256 Go État correct,477.1418031214831
257,2023-02-13,iPhone 11 256 Go État correct,479.1161932753556
258,2023-02-14,iPhone 11 256 Go État correct,481.0271395861485
259,2023-02-15,iPhone 11 256 Go État correct,482.8612589377332
260,2023-02-16,iPhone 11 256 Go État correct,484.60483528184193
261,2023-02-17,iPhone 11 256 Go État correct,486.24282084164446
262,2023-02-18,iPhone 11 256 Go État correct,487.7598349081709
263,2023-02-19,iPhone 11 256 Go État correct,489.1404967724504
264,2023-02-20,iPhone 11 256 Go État correct,490.3694257255128
265,2023-02-21,iPhone 11 256 Go État correct,491.4312410583878
266,2023-02-22,iPhone 11 256 Go État correct,492.3105620621048
267,2023-02-24,iPhone 11 256 Go État correct,493.46019824618384
268,2023-02-25,iPhone 11 256 Go État correct,493.6997520086052
269,2023-02-26,iPhone 11 256 Go État correct,493.6952886059872
270,2023-02-27,iPhone 11 256 Go État correct,493.43142732935945
271,2023-02-28,iPhone 11 256 Go État correct,492.8927874697517
272,2023-03-01,iPhone 11 256 Go État correct,492.0639883181935
273,2023-03-02,iPhone 11 256 Go État correct,490.92964916571447
274,2023-03-03,iPhone 11 256 Go État correct,489.4817351511228
275,2023-03-04,iPhone 11 256 Go État correct,487.74159480434014
276,2023-03-05,iPhone 11 256 Go État correct,485.7379225030667
277,2023-03-06,iPhone 11 256 Go État correct,483.49941262500266
278,2023-03-07,iPhone 11 256 Go État correct,481.0547595478484
279,2023-03-08,iPhone 11 256 Go État correct,478.4326576493039
280,2023-03-09,iPhone 11 256 Go État correct,475.6618013070696
281,2023-03-10,iPhone 11 256 Go État correct,472.7708848988455
282,2023-03-11,iPhone 11 256 Go État correct,469.7886028023319
283,2023-03-12,iPhone 11 256 Go État correct,466.7436493952291
284,2023-03-13,iPhone 11 256 Go État correct,463.66471905523713
285,2023-03-14,iPhone 11 256 Go État correct,460.58050616005625
286,2023-03-15,iPhone 11 256 Go État correct,457.5197050873865
287,2023-03-16,iPhone 11 256 Go État correct,454.51101021492855
288,2023-03-17,iPhone 11 256 Go État correct,451.58311592038217
289,2023-03-18,iPhone 11 256 Go État correct,448.7647165814478
290,2023-03-19,iPhone 11 256 Go État correct,446.0845065758255
291,2023-03-21,iPhone 11 256 Go État correct,441.2534320753181
292,2023-03-22,iPhone 11 256 Go État correct,439.1533668528725
293,2023-03-23,iPhone 11 256 Go État correct,437.2667315767741
294,2023-03-24,iPhone 11 256 Go État correct,435.5826837269572
295,2023-03-25,iPhone 11 256 Go État correct,434.09038078335647
296,2023-03-26,iPhone 11 256 Go État correct,432.7789802259061
297,2023-03-27,iPhone 11 256 Go État correct,431.6376395345407
298,2023-03-28,iPhone 11 256 Go État correct,430.6555161891945
299,2023-03-29,iPhone 11 256 Go État correct,429.8217676698024
300,2023-03-30,iPhone 11 256 Go État correct,429.1255514562983
301,2023-03-31,iPhone 11 256 Go État correct,428.5560250286168
302,2023-04-01,iPhone 11 256 Go État correct,428.1023458666924
303,2023-04-02,iPhone 11 256 Go État correct,427.7536714504595
304,2023-04-03,iPhone 11 256 Go État correct,427.4991592598524
305,2023-04-13,iPhone 11 256 Go État correct,427.74760534878334
306,2023-04-14,iPhone 11 256 Go État correct,427.8132713157342
307,2023-04-15,iPhone 11 256 Go État correct,427.842989267524
308,2023-04-16,iPhone 11 256 Go État correct,427.8259166840873
309,2023-04-17,iPhone 11 256 Go État correct,427.75121104535856
310,2023-04-18,iPhone 11 256 Go État correct,427.6080298312722
311,2023-04-19,iPhone 11 256 Go État correct,427.3855305217627
312,2023-04-20,iPhone 11 256 Go État correct,427.0728705967646
313,2023-04-21,iPhone 11 256 Go État correct,426.66812818498335
314,2023-04-22,iPhone 11 256 Go État correct,426.20506401021055
315,2023-04-23,iPhone 11 256 Go État correct,425.7263594450088
316,2023-04-24,iPhone 11 256 Go État correct,425.2746958619407
317,2023-04-25,iPhone 11 256 Go État correct,424.892754633569
318,2023-04-26,iPhone 11 256 Go État correct,424.623217132456
319,2023-04-27,iPhone 11 256 Go État correct,424.50876473116494
320,2023-04-28,iPhone 11 256 Go État correct,424.5920788022581
321,2023-04-29,iPhone 11 256 Go État correct,424.8983153572175
322,2023-04-30,iPhone 11 256 Go État correct,425.3825289632029
323,2023-05-01,iPhone 11 256 Go État correct,425.9822488262931
324,2023-05-02,iPhone 11 256 Go État correct,426.63500415256686
325,2023-05-03,iPhone 11 256 Go État correct,427.27832414810325
326,2023-05-04,iPhone 11 256 Go État correct,427.8497380189812
327,2023-05-05,iPhone 11 256 Go État correct,428.28677497127927
328,2023-05-06,iPhone 11 256 Go État correct,428.5269642110768
329,2023-05-07,iPhone 11 256 Go État correct,428.5078349444525
330,2023-05-08,iPhone 11 256 Go État correct,428.1669163774852
331,2023-05-09,iPhone 11 256 Go État correct,427.4417377162539
332,2023-05-10,iPhone 11 256 Go État correct,426.26982816683744
333,2023-05-11,iPhone 11 256 Go État correct,424.5887169353149
334,2023-05-12,iPhone 11 256 Go État correct,422.3359332277648
335,2023-05-13,iPhone 11 256 Go État correct,419.4490062502665
336,2023-05-14,iPhone 11 256 Go État correct,415.86546520889846
337,2023-05-15,iPhone 11 256 Go État correct,411.52283930974
338,2023-05-16,iPhone 11 256 Go État correct,406.3586577588696
339,2023-05-17,iPhone 11 256 Go État correct,401.6008258685684
340,2023-05-18,iPhone 11 256 Go État correct,401.97584046400266
341,2023-05-19,iPhone 11 256 Go État correct,406.8489228288549
342,2023-05-20,iPhone 11 256 Go État correct,413.922381334886
343,2023-05-21,iPhone 11 256 Go État correct,420.8985243538567
344,2023-05-22,iPhone 11 256 Go État correct,425.9120271909082
345,2023-05-23,iPhone 11 256 Go État correct,428.8270328847022
346,2023-05-24,iPhone 11 256 Go État correct,429.9400514072804
347,2023-05-25,iPhone 11 256 Go État correct,429.54759273068464
348,2023-05-26,iPhone 11 256 Go État correct,427.9461668269568
349,2023-05-27,iPhone 11 256 Go État correct,425.4322836681385
350,2023-05-28,iPhone 11 256 Go État correct,422.3024532262718
351,2023-05-29,iPhone 11 256 Go État correct,418.8531854733984
352,2023-05-30,iPhone 11 256 Go État correct,415.3809903815599
353,2023-06-01,iPhone 11 256 Go État correct,409.5538580691556
354,2023-06-02,iPhone 11 256 Go État correct,407.7919407926733
355,2023-06-03,iPhone 11 256 Go État correct,407.1931360653932
356,2023-06-04,iPhone 11 256 Go État correct,408.0539538593573
357,2023-06-05,iPhone 11 256 Go État correct,410.5543710049682
358,2023-06-06,iPhone 11 256 Go État correct,414.40823176607256
359,2023-06-07,iPhone 11 256 Go État correct,419.2128472648775
360,2023-06-08,iPhone 11 256 Go État correct,424.56552862359047
361,2023-06-09,iPhone 11 256 Go État correct,430.0635869644189
362,2023-06-10,iPhone 11 256 Go État correct,435.3043334095701
363,2023-06-11,iPhone 11 256 Go État correct,439.8850790812514
364,2023-06-12,iPhone 11 256 Go État correct,443.4885900304456
365,2023-06-13,iPhone 11 256 Go État correct,446.139452023236
366,2023-06-14,iPhone 11 256 Go État correct,447.9477057544815
367,2023-06-15,iPhone 11 256 Go État correct,449.0233919190409
368,2023-06-16,iPhone 11 256 Go État correct,449.476551211773
369,2023-06-18,iPhone 11 256 Go État correct,448.9554519611903
370,2023-06-19,iPhone 11 256 Go État correct,448.20127480759294
371,2023-06-20,iPhone 11 256 Go État correct,447.2647335616034
372,2023-06-21,iPhone 11 256 Go État correct,446.2558689180804
373,2023-06-22,iPhone 11 256 Go État correct,445.2847215718828
374,2023-06-23,iPhone 11 256 Go État correct,444.46133221786926
375,2023-06-24,iPhone 11 256 Go État correct,443.8957415508986
376,2023-06-25,iPhone 11 256 Go État correct,443.6979902658296
377,2023-06-26,iPhone 11 256 Go État correct,443.978119057521
378,2023-06-27,iPhone 11 256 Go État correct,444.8461686208317
379,2023-06-28,iPhone 11 256 Go État correct,446.37712984394216
380,2023-06-29,iPhone 11 256 Go État correct,448.5057943883205
381,2023-06-30,iPhone 11 256 Go État correct,451.1319041087565
382,2023-07-01,iPhone 11 256 Go État correct,454.15520086003977
383,2023-07-02,iPhone 11 256 Go État correct,457.4754264969603
384,2023-07-03,iPhone 11 256 Go État correct,460.99232287430783
385,2023-07-04,iPhone 11 256 Go État correct,464.60563184687214
386,2023-07-05,iPhone 11 256 Go État correct,468.2150952694431
387,2023-07-06,iPhone 11 256 Go État correct,471.7204549968104
388,2023-07-07,iPhone 11 256 Go État correct,475.021452883764
389,2023-07-08,iPhone 11 256 Go État correct,478.0178307850936
390,2023-07-09,iPhone 11 256 Go État correct,480.609330555589
391,2023-07-11,iPhone 11 256 Go État correct,484.1766631232365
392,2023-07-12,iPhone 11 256 Go État correct,484.9519796299681
393,2023-07-13,iPhone 11 256 Go État correct,484.9213854250247
394,2023-07-14,iPhone 11 256 Go État correct,483.9846223631963
395,2023-07-15,iPhone 11 256 Go État correct,482.0414322992723
396,2023-07-16,iPhone 11 256 Go État correct,478.9915570880429
397,2023-07-17,iPhone 11 256 Go État correct,474.7347385842977
0,2022-03-18,iPhone 11 64 Go Parfait état,424.9416491009756
1,2022-03-19,iPhone 11 64 Go Parfait état,424.8606766865178
2,2022-03-20,iPhone 11 64 Go Parfait état,424.781933356295
3,2022-04-04,iPhone 11 64 Go Parfait état,423.4755473413964
4,2022-04-05,iPhone 11 64 Go Parfait état,423.3539241249827
5,2022-04-06,iPhone 11 64 Go Parfait état,423.2247118385602
6,2022-04-07,iPhone 11 64 Go Parfait état,423.08733294364407
7,2022-04-20,iPhone 11 64 Go Parfait état,420.29546592616185
8,2022-04-21,iPhone 11 64 Go Parfait état,419.98311297141606
9,2022-04-22,iPhone 11 64 Go Parfait état,419.65393033090265
10,2022-04-23,iPhone 11 64 Go Parfait état,419.30734046613657
11,2022-04-24,iPhone 11 64 Go Parfait état,418.9427658386331
12,2022-04-25,iPhone 11 64 Go Parfait état,418.5596289099071
13,2022-04-26,iPhone 11 64 Go Parfait état,418.1573521414737
14,2022-04-28,iPhone 11 64 Go Parfait état,417.2930689315454
15,2022-04-29,iPhone 11 64 Go Parfait état,416.8299074130804
16,2022-04-30,iPhone 11 64 Go Parfait état,416.34529590096855
17,2022-05-01,iPhone 11 64 Go Parfait état,415.8386568567245
18,2022-05-02,iPhone 11 64 Go Parfait état,415.3094127418637
19,2022-05-03,iPhone 11 64 Go Parfait état,414.7569860179009
20,2022-05-04,iPhone 11 64 Go Parfait état,414.1807991463515
21,2022-05-05,iPhone 11 64 Go Parfait état,413.58027458873033
22,2022-05-06,iPhone 11 64 Go Parfait état,412.9548348065524
23,2022-05-07,iPhone 11 64 Go Parfait état,412.3039022613331
24,2022-05-08,iPhone 11 64 Go Parfait état,411.62689941458734
25,2022-05-09,iPhone 11 64 Go Parfait état,410.92324872783007
26,2022-05-10,iPhone 11 64 Go Parfait état,410.1923726625765
27,2022-05-11,iPhone 11 64 Go Parfait état,409.4336936803417
28,2022-05-12,iPhone 11 64 Go Parfait état,408.6466342426407
29,2022-05-13,iPhone 11 64 Go Parfait état,407.8306168109886
30,2022-05-14,iPhone 11 64 Go Parfait état,406.9850638469005
31,2022-05-15,iPhone 11 64 Go Parfait état,406.1093978118913
32,2022-05-16,iPhone 11 64 Go Parfait état,405.2030411674763
33,2022-05-17,iPhone 11 64 Go Parfait état,404.2654163751705
34,2022-05-18,iPhone 11 64 Go Parfait état,403.2985642991746
35,2022-05-19,iPhone 11 64 Go Parfait état,402.3149994144323
36,2022-05-20,iPhone 11 64 Go Parfait état,401.3298545985732
37,2022-05-21,iPhone 11 64 Go Parfait état,400.3582627292264
38,2022-05-22,iPhone 11 64 Go Parfait état,399.4153566840213
39,2022-05-23,iPhone 11 64 Go Parfait état,398.51626934058754
40,2022-05-24,iPhone 11 64 Go Parfait état,397.6761335765542
41,2022-05-25,iPhone 11 64 Go Parfait état,396.91008226955074
42,2022-05-26,iPhone 11 64 Go Parfait état,396.2332482972067
43,2022-05-27,iPhone 11 64 Go Parfait état,395.66076453715135
44,2022-05-28,iPhone 11 64 Go Parfait état,395.20440147419833
45,2022-05-29,iPhone 11 64 Go Parfait état,394.8624800218992
46,2022-05-30,iPhone 11 64 Go Parfait état,394.6299587009896
47,2022-05-31,iPhone 11 64 Go Parfait état,394.5017960322048
48,2022-06-01,iPhone 11 64 Go Parfait état,394.47295053628113
49,2022-06-02,iPhone 11 64 Go Parfait état,394.5383807339538
50,2022-06-03,iPhone 11 64 Go Parfait état,394.6930451459588
51,2022-06-04,iPhone 11 64 Go Parfait état,394.9319022930315
52,2022-06-05,iPhone 11 64 Go Parfait état,395.24991069590783
53,2022-06-06,iPhone 11 64 Go Parfait état,395.6420288753234
54,2022-06-07,iPhone 11 64 Go Parfait état,396.10321535201376
55,2022-06-08,iPhone 11 64 Go Parfait état,396.6284286467148
56,2022-06-09,iPhone 11 64 Go Parfait état,397.21262728016217
57,2022-06-10,iPhone 11 64 Go Parfait état,397.8507697730914
58,2022-06-11,iPhone 11 64 Go Parfait état,398.5378146462384
59,2022-06-12,iPhone 11 64 Go Parfait état,399.2687204203387
60,2022-06-13,iPhone 11 64 Go Parfait état,400.038445616128
61,2022-06-14,iPhone 11 64 Go Parfait état,400.8419487543419
62,2022-07-01,iPhone 11 64 Go Parfait état,414.7843338878357
63,2022-07-02,iPhone 11 64 Go Parfait état,415.3337470354961
64,2022-07-03,iPhone 11 64 Go Parfait état,415.8211500195593
65,2022-07-04,iPhone 11 64 Go Parfait état,416.2415013607608
66,2022-07-05,iPhone 11 64 Go Parfait état,416.5897595798362
67,2022-07-06,iPhone 11 64 Go Parfait état,416.8608831975216
68,2022-07-07,iPhone 11 64 Go Parfait état,417.0498307345524
69,2022-07-08,iPhone 11 64 Go Parfait état,417.15156071166416
70,2022-07-09,iPhone 11 64 Go Parfait état,417.1640113480104
71,2022-07-10,iPhone 11 64 Go Parfait état,417.09703965641535
72,2022-07-11,iPhone 11 64 Go Parfait état,416.96348234812086
73,2022-07-12,iPhone 11 64 Go Parfait état,416.7761761343687
74,2022-07-13,iPhone 11 64 Go Parfait état,416.54795772640085
75,2022-07-14,iPhone 11 64 Go Parfait état,416.2916638354592
76,2022-07-15,iPhone 11 64 Go Parfait état,416.0201311727855
77,2022-07-16,iPhone 11 64 Go Parfait état,415.74619644962166
78,2022-07-17,iPhone 11 64 Go Parfait état,415.4826963772096
79,2022-07-18,iPhone 11 64 Go Parfait état,415.2424676667911
80,2022-07-19,iPhone 11 64 Go Parfait état,415.0383470296081
81,2022-07-21,iPhone 11 64 Go Parfait état,414.789776819916
82,2022-07-22,iPhone 11 64 Go Parfait état,414.7710006698908
83,2022-07-23,iPhone 11 64 Go Parfait état,414.8396794380684
84,2022-07-25,iPhone 11 64 Go Parfait état,415.2907485740001
85,2022-07-26,iPhone 11 64 Go Parfait état,415.6940980766843
86,2022-07-28,iPhone 11 64 Go Parfait état,416.8168961815192
87,2022-07-29,iPhone 11 64 Go Parfait état,417.5054467555103
88,2022-07-30,iPhone 11 64 Go Parfait état,418.2594784406401
89,2022-07-31,iPhone 11 64 Go Parfait état,419.0701028004764
90,2022-08-01,iPhone 11 64 Go Parfait état,419.9297435141162
91,2022-08-02,iPhone 11 64 Go Parfait état,420.8308242606566
92,2022-08-03,iPhone 11 64 Go Parfait état,421.76576871919485
93,2022-08-04,iPhone 11 64 Go Parfait état,422.7270005688279
94,2022-08-05,iPhone 11 64 Go Parfait état,423.70694348865294
95,2022-08-06,iPhone 11 64 Go Parfait état,424.6980211577671
96,2022-08-07,iPhone 11 64 Go Parfait état,425.6926572552673
97,2022-08-08,iPhone 11 64 Go Parfait état,426.6832754602511
98,2022-08-11,iPhone 11 64 Go Parfait état,429.5552595110729
99,2022-08-12,iPhone 11 64 Go Parfait état,430.45404293696095
100,2022-08-13,iPhone 11 64 Go Parfait état,431.3109268658177
101,2022-08-14,iPhone 11 64 Go Parfait état,432.1183349767404
102,2022-08-15,iPhone 11 64 Go Parfait état,432.8686909488263
103,2022-08-16,iPhone 11 64 Go Parfait état,433.5544184611723
104,2022-08-17,iPhone 11 64 Go Parfait état,434.1679411928757
105,2022-08-18,iPhone 11 64 Go Parfait état,434.70168282303325
106,2022-08-19,iPhone 11 64 Go Parfait état,435.1480670307425
107,2022-08-20,iPhone 11 64 Go Parfait état,435.4995174951004
108,2022-08-21,iPhone 11 64 Go Parfait état,435.7484578952039
109,2022-08-22,iPhone 11 64 Go Parfait état,435.8873119101503
110,2022-08-23,iPhone 11 64 Go Parfait état,435.9085032190367
111,2022-08-24,iPhone 11 64 Go Parfait état,435.80445550096
112,2022-08-27,iPhone 11 64 Go Parfait état,434.6933595755874
113,2022-08-28,iPhone 11 64 Go Parfait état,434.0512981031321
114,2022-08-29,iPhone 11 64 Go Parfait état,433.2712223100117
115,2022-08-31,iPhone 11 64 Go Parfait état,431.29182878897535
116,2022-09-09,iPhone 11 64 Go Parfait état,417.0573883704664
117,2022-09-26,iPhone 11 64 Go Parfait état,406.48466296648303
118,2022-10-01,iPhone 11 64 Go Parfait état,414.6846650673688
119,2022-10-02,iPhone 11 64 Go Parfait état,415.9548522261632
120,2022-10-04,iPhone 11 64 Go Parfait état,417.3477203729945
121,2022-10-05,iPhone 11 64 Go Parfait état,417.4225279255471
122,2022-10-06,iPhone 11 64 Go Parfait état,417.1444542150536
123,2022-10-07,iPhone 11 64 Go Parfait état,416.5660232847417
124,2022-10-08,iPhone 11 64 Go Parfait état,415.73975917783935
125,2022-10-09,iPhone 11 64 Go Parfait état,414.7181859375743
126,2022-10-10,iPhone 11 64 Go Parfait état,413.5538276071742
127,2022-10-11,iPhone 11 64 Go Parfait état,412.29920822986696
128,2022-10-12,iPhone 11 64 Go Parfait état,411.0068518488805
129,2022-10-13,iPhone 11 64 Go Parfait état,409.7292825074422
130,2022-10-14,iPhone 11 64 Go Parfait état,408.5098477772655
131,2022-10-15,iPhone 11 64 Go Parfait état,407.3551893440042
132,2022-10-16,iPhone 11 64 Go Parfait état,406.2627724217978
133,2022-10-17,iPhone 11 64 Go Parfait état,405.2300622247854
134,2022-10-18,iPhone 11 64 Go Parfait état,404.2545239671065
135,2022-10-19,iPhone 11 64 Go Parfait état,403.33362286290026
136,2022-10-20,iPhone 11 64 Go Parfait état,402.4648241263061
137,2022-10-21,iPhone 11 64 Go Parfait état,401.6455929714631
138,2022-10-22,iPhone 11 64 Go Parfait état,400.8733946125108
139,2022-10-23,iPhone 11 64 Go Parfait état,400.1456942635884
140,2022-10-24,iPhone 11 64 Go Parfait état,399.4599571388351
141,2022-10-25,iPhone 11 64 Go Parfait état,398.8136484523905
142,2022-10-26,iPhone 11 64 Go Parfait état,398.2042334183935
143,2022-10-27,iPhone 11 64 Go Parfait état,397.6291772509837
144,2022-10-28,iPhone 11 64 Go Parfait état,397.0859451643003
145,2022-10-29,iPhone 11 64 Go Parfait état,396.5720023724826
146,2022-10-30,iPhone 11 64 Go Parfait état,396.08481408966986
147,2022-10-31,iPhone 11 64 Go Parfait état,395.6218455300016
148,2022-11-01,iPhone 11 64 Go Parfait état,395.1805619076168
149,2022-11-02,iPhone 11 64 Go Parfait état,394.75842843665487
150,2022-11-03,iPhone 11 64 Go Parfait état,394.3529103312552
151,2022-11-04,iPhone 11 64 Go Parfait état,393.961472805557
152,2022-11-05,iPhone 11 64 Go Parfait état,393.5815810736996
153,2022-11-06,iPhone 11 64 Go Parfait état,393.2107003498225
154,2022-11-07,iPhone 11 64 Go Parfait état,392.8462958480645
155,2022-11-08,iPhone 11 64 Go Parfait état,392.48583278256535
156,2022-11-09,iPhone 11 64 Go Parfait état,392.1267763674643
157,2022-11-10,iPhone 11 64 Go Parfait état,391.7665918169005
158,2022-11-11,iPhone 11 64 Go Parfait état,391.4027443450132
159,2022-11-12,iPhone 11 64 Go Parfait état,391.0326991659418
160,2022-11-13,iPhone 11 64 Go Parfait état,390.65392149382575
161,2022-11-14,iPhone 11 64 Go Parfait état,390.2680527969604
162,2022-11-15,iPhone 11 64 Go Parfait état,389.8934395602659
163,2022-11-16,iPhone 11 64 Go Parfait état,389.5526045228189
164,2022-11-17,iPhone 11 64 Go Parfait état,389.2680704236956
165,2022-11-18,iPhone 11 64 Go Parfait état,389.0623600019727
166,2022-11-19,iPhone 11 64 Go Parfait état,388.9579959967264
167,2022-11-20,iPhone 11 64 Go Parfait état,388.9775011470333
168,2022-11-21,iPhone 11 64 Go Parfait état,389.1433981919697
169,2022-11-22,iPhone 11 64 Go Parfait état,389.47820987061215
170,2022-11-23,iPhone 11 64 Go Parfait état,390.0044589220371
171,2022-11-24,iPhone 11 64 Go Parfait état,390.7446680853208
172,2022-11-25,iPhone 11 64 Go Parfait état,391.7213600995401
173,2022-11-26,iPhone 11 64 Go Parfait état,392.9570577037711
174,2022-11-27,iPhone 11 64 Go Parfait état,394.4742836370903
175,2022-11-28,iPhone 11 64 Go Parfait état,396.2955606385741
176,2022-11-29,iPhone 11 64 Go Parfait état,398.443411447299
177,2022-11-30,iPhone 11 64 Go Parfait état,400.9403588023415
178,2022-12-01,iPhone 11 64 Go Parfait état,403.8089254427779
179,2022-12-02,iPhone 11 64 Go Parfait état,407.0716341076848
180,2022-12-03,iPhone 11 64 Go Parfait état,410.7510075361385
181,2022-12-04,iPhone 11 64 Go Parfait état,414.6910275530336
182,2022-12-05,iPhone 11 64 Go Parfait état,418.201963775792
183,2022-12-06,iPhone 11 64 Go Parfait état,421.13735070467175
184,2022-12-07,iPhone 11 64 Go Parfait état,423.5311742891855
185,2022-12-08,iPhone 11 64 Go Parfait état,425.4174204788467
186,2022-12-09,iPhone 11 64 Go Parfait état,426.8300752231679
187,2022-12-10,iPhone 11 64 Go Parfait état,427.8031244716617
188,2022-12-11,iPhone 11 64 Go Parfait état,428.3705541738413
189,2022-12-12,iPhone 11 64 Go Parfait état,428.5663502792194
190,2022-12-13,iPhone 11 64 Go Parfait état,428.42449873730897
191,2022-12-14,iPhone 11 64 Go Parfait état,427.9789854976229
192,2022-12-15,iPhone 11 64 Go Parfait état,427.263796509674
193,2022-12-16,iPhone 11 64 Go Parfait état,426.3129177229748
194,2022-12-17,iPhone 11 64 Go Parfait état,425.1603350870386
195,2022-12-18,iPhone 11 64 Go Parfait état,423.8400345513781
196,2022-12-19,iPhone 11 64 Go Parfait état,422.3860020655061
197,2022-12-20,iPhone 11 64 Go Parfait état,420.8322235789356
198,2022-12-21,iPhone 11 64 Go Parfait état,419.21268504117927
199,2022-12-22,iPhone 11 64 Go Parfait état,417.5613724017502
200,2022-12-23,iPhone 11 64 Go Parfait état,415.912271610161
201,2022-12-24,iPhone 11 64 Go Parfait état,414.2993686159246
202,2022-12-25,iPhone 11 64 Go Parfait état,412.756649368554
203,2022-12-26,iPhone 11 64 Go Parfait état,411.318099817562
204,2022-12-27,iPhone 11 64 Go Parfait état,410.0177059124612
205,2022-12-28,iPhone 11 64 Go Parfait état,408.8894536027648
206,2022-12-29,iPhone 11 64 Go Parfait état,407.9673288379855
207,2022-12-30,iPhone 11 64 Go Parfait état,407.28132507633546
208,2022-12-31,iPhone 11 64 Go Parfait état,406.84546581082384
209,2023-01-01,iPhone 11 64 Go Parfait état,406.66978204315865
210,2023-01-02,iPhone 11 64 Go Parfait état,406.7643047750485
211,2023-01-03,iPhone 11 64 Go Parfait état,407.13906500820144
212,2023-01-04,iPhone 11 64 Go Parfait état,407.804093744326
213,2023-01-05,iPhone 11 64 Go Parfait état,408.7694219851304
214,2023-01-06,iPhone 11 64 Go Parfait état,410.0450807323229
215,2023-01-07,iPhone 11 64 Go Parfait état,411.641100987612
216,2023-01-08,iPhone 11 64 Go Parfait état,413.49542338123183
217,2023-01-09,iPhone 11 64 Go Parfait état,415.2576270575217
218,2023-01-10,iPhone 11 64 Go Parfait état,416.5052007893466
219,2023-01-11,iPhone 11 64 Go Parfait état,416.8156333495717
220,2023-01-12,iPhone 11 64 Go Parfait état,415.8784585422676
221,2023-01-13,iPhone 11 64 Go Parfait état,413.83139029632525
222,2023-01-14,iPhone 11 64 Go Parfait état,410.9241875718412
223,2023-01-15,iPhone 11 64 Go Parfait état,407.406609328912
224,2023-01-16,iPhone 11 64 Go Parfait état,403.528414527634
225,2023-01-17,iPhone 11 64 Go Parfait état,399.5393621281037
226,2023-01-18,iPhone 11 64 Go Parfait état,395.6892110904176
227,2023-01-19,iPhone 11 64 Go Parfait état,392.2277203746721
228,2023-01-20,iPhone 11 64 Go Parfait état,389.3555088165734
229,2023-01-21,iPhone 11 64 Go Parfait état,387.0766347542659
230,2023-01-22,iPhone 11 64 Go Parfait état,385.3460164015041
231,2023-01-23,iPhone 11 64 Go Parfait état,384.1185719720419
232,2023-01-24,iPhone 11 64 Go Parfait état,383.3492196796336
233,2023-01-25,iPhone 11 64 Go Parfait état,382.9928777380338
234,2023-01-26,iPhone 11 64 Go Parfait état,383.0044643609963
235,2023-01-27,iPhone 11 64 Go Parfait état,383.3388977622756
236,2023-01-28,iPhone 11 64 Go Parfait état,383.9510961556255
237,2023-01-29,iPhone 11 64 Go Parfait état,384.7959777548007
238,2023-01-30,iPhone 11 64 Go Parfait état,385.82846077355526
239,2023-01-31,iPhone 11 64 Go Parfait état,387.00346342564336
240,2023-02-01,iPhone 11 64 Go Parfait état,388.2759039248192
241,2023-02-02,iPhone 11 64 Go Parfait état,389.600700484837
242,2023-02-03,iPhone 11 64 Go Parfait état,390.93277131945126
243,2023-02-04,iPhone 11 64 Go Parfait état,392.2310349707805
244,2023-02-05,iPhone 11 64 Go Parfait état,393.4704112944031
245,2023-02-06,iPhone 11 64 Go Parfait état,394.6298204742618
246,2023-02-07,iPhone 11 64 Go Parfait état,395.68818269429937
247,2023-02-08,iPhone 11 64 Go Parfait état,396.6244181384587
248,2023-02-09,iPhone 11 64 Go Parfait état,397.4174469906826
249,2023-02-10,iPhone 11 64 Go Parfait état,398.0461894349138
250,2023-02-11,iPhone 11 64 Go Parfait état,398.48956565509513
251,2023-02-12,iPhone 11 64 Go Parfait état,398.7264958351696
252,2023-02-13,iPhone 11 64 Go Parfait état,398.7359001590796
253,2023-02-14,iPhone 11 64 Go Parfait état,398.4966988107684
254,2023-02-15,iPhone 11 64 Go Parfait état,397.9955156639507
255,2023-02-16,iPhone 11 64 Go Parfait état,397.2497893514302
256,2023-02-17,iPhone 11 64 Go Parfait état,396.2846621957827
257,2023-02-18,iPhone 11 64 Go Parfait état,395.1252765195839
258,2023-02-19,iPhone 11 64 Go Parfait état,393.7967746454096
259,2023-02-20,iPhone 11 64 Go Parfait état,392.3242988958357
260,2023-02-21,iPhone 11 64 Go Parfait état,390.7329915934376
261,2023-02-22,iPhone 11 64 Go Parfait état,389.0479950607914
262,2023-02-24,iPhone 11 64 Go Parfait état,385.4975035950576
263,2023-02-25,iPhone 11 64 Go Parfait état,383.6822933071215
264,2023-02-26,iPhone 11 64 Go Parfait état,381.8739630792402
265,2023-02-27,iPhone 11 64 Go Parfait état,380.0976552339897
266,2023-02-28,iPhone 11 64 Go Parfait état,378.3785120939456
267,2023-03-01,iPhone 11 64 Go Parfait état,376.7416759816834
268,2023-03-02,iPhone 11 64 Go Parfait état,375.2122892197795
269,2023-03-03,iPhone 11 64 Go Parfait état,373.8154941308093
270,2023-03-04,iPhone 11 64 Go Parfait état,372.5764330373485
271,2023-03-05,iPhone 11 64 Go Parfait état,371.52024826197305
272,2023-03-06,iPhone 11 64 Go Parfait état,370.6720821272586
273,2023-03-07,iPhone 11 64 Go Parfait état,370.0455064732347
274,2023-03-08,iPhone 11 64 Go Parfait état,369.6078112097457
275,2023-03-09,iPhone 11 64 Go Parfait état,369.3147157640896
276,2023-03-10,iPhone 11 64 Go Parfait état,369.12193956356447
277,2023-03-11,iPhone 11 64 Go Parfait état,368.9852020354683
278,2023-03-12,iPhone 11 64 Go Parfait état,368.8602226070995
279,2023-03-13,iPhone 11 64 Go Parfait état,368.7027207057558
280,2023-03-14,iPhone 11 64 Go Parfait état,368.4684157587354
281,2023-03-15,iPhone 11 64 Go Parfait état,368.1130271933363
282,2023-03-16,iPhone 11 64 Go Parfait état,367.5922744368565
283,2023-03-17,iPhone 11 64 Go Parfait état,366.8618769165942
284,2023-03-18,iPhone 11 64 Go Parfait état,365.94726749381886
285,2023-03-19,iPhone 11 64 Go Parfait état,365.0893432538408
286,2023-03-21,iPhone 11 64 Go Parfait état,363.7083706980505
287,2023-03-22,iPhone 11 64 Go Parfait état,363.1726483023586
288,2023-03-23,iPhone 11 64 Go Parfait état,362.7316524415492
289,2023-03-24,iPhone 11 64 Go Parfait état,362.3790460756824
290,2023-03-25,iPhone 11 64 Go Parfait état,362.1084921648186
291,2023-03-26,iPhone 11 64 Go Parfait état,361.9136536690177
292,2023-03-27,iPhone 11 64 Go Parfait état,361.7881935483401
293,2023-03-28,iPhone 11 64 Go Parfait état,361.725774762846
294,2023-03-29,iPhone 11 64 Go Parfait état,361.7200602725956
295,2023-03-30,iPhone 11 64 Go Parfait état,361.7647130376489
296,2023-03-31,iPhone 11 64 Go Parfait état,361.8533960180662
297,2023-04-01,iPhone 11 64 Go Parfait état,361.9797721739077
298,2023-04-02,iPhone 11 64 Go Parfait état,362.13750446523375
299,2023-04-03,iPhone 11 64 Go Parfait état,362.3202558521043
300,2023-04-13,iPhone 11 64 Go Parfait état,364.129671189007
301,2023-04-14,iPhone 11 64 Go Parfait état,364.1693879908412
302,2023-04-15,iPhone 11 64 Go Parfait état,364.1580794089424
303,2023-04-16,iPhone 11 64 Go Parfait état,364.0894084033707
304,2023-04-17,iPhone 11 64 Go Parfait état,363.9570379341864
305,2023-04-18,iPhone 11 64 Go Parfait état,363.7546309614496
306,2023-04-19,iPhone 11 64 Go Parfait état,363.4758504452207
307,2023-04-20,iPhone 11 64 Go Parfait état,363.1143593455596
308,2023-04-21,iPhone 11 64 Go Parfait état,362.6638206225266
309,2023-04-22,iPhone 11 64 Go Parfait état,362.11789723618193
310,2023-04-23,iPhone 11 64 Go Parfait état,361.4702521465859
311,2023-04-24,iPhone 11 64 Go Parfait état,360.71454831379856
312,2023-04-25,iPhone 11 64 Go Parfait état,359.84444869788007
313,2023-04-26,iPhone 11 64 Go Parfait état,358.85997847707023
314,2023-04-27,iPhone 11 64 Go Parfait état,357.7866117023271
315,2023-04-28,iPhone 11 64 Go Parfait état,356.65618464278816
316,2023-04-29,iPhone 11 64 Go Parfait état,355.5005335675908
317,2023-04-30,iPhone 11 64 Go Parfait état,354.3514947458726
318,2023-05-01,iPhone 11 64 Go Parfait état,353.2409044467712
319,2023-05-02,iPhone 11 64 Go Parfait état,352.200598939424
320,2023-05-03,iPhone 11 64 Go Parfait état,351.2624144929687
321,2023-05-04,iPhone 11 64 Go Parfait état,350.45818737654247
322,2023-05-05,iPhone 11 64 Go Parfait état,349.8197538592832
323,2023-05-06,iPhone 11 64 Go Parfait état,349.3789502103282
324,2023-05-07,iPhone 11 64 Go Parfait état,349.16761269881505
325,2023-05-08,iPhone 11 64 Go Parfait état,349.19982881291173
326,2023-05-09,iPhone 11 64 Go Parfait état,349.4186909169085
327,2023-05-10,iPhone 11 64 Go Parfait état,349.74954259412584
328,2023-05-11,iPhone 11 64 Go Parfait état,350.1177274278844
329,2023-05-12,iPhone 11 64 Go Parfait état,350.4485890015048
330,2023-05-13,iPhone 11 64 Go Parfait état,350.6674708983078
331,2023-05-14,iPhone 11 64 Go Parfait état,350.6997167016137
332,2023-05-15,iPhone 11 64 Go Parfait état,350.4706699947434
333,2023-05-16,iPhone 11 64 Go Parfait état,349.90567436101736
334,2023-05-17,iPhone 11 64 Go Parfait état,348.9300733837563
335,2023-05-18,iPhone 11 64 Go Parfait état,347.4692106462809
336,2023-05-19,iPhone 11 64 Go Parfait état,345.4484297319116
337,2023-05-20,iPhone 11 64 Go Parfait état,342.9084673021898
338,2023-05-21,iPhone 11 64 Go Parfait état,340.35163233154003
339,2023-05-22,iPhone 11 64 Go Parfait état,338.2860750377079
340,2023-05-23,iPhone 11 64 Go Parfait état,336.7817382988413
341,2023-05-24,iPhone 11 64 Go Parfait état,335.79901315818825
342,2023-05-25,iPhone 11 64 Go Parfait état,335.2982906589971
343,2023-05-26,iPhone 11 64 Go Parfait état,335.2399618445164
344,2023-05-27,iPhone 11 64 Go Parfait état,335.5844177579943
345,2023-05-28,iPhone 11 64 Go Parfait état,336.29204944267894
346,2023-05-29,iPhone 11 64 Go Parfait état,337.32324794181864
347,2023-05-30,iPhone 11 64 Go Parfait état,338.63840429866184
348,2023-06-01,iPhone 11 64 Go Parfait état,341.9621547584516
349,2023-06-02,iPhone 11 64 Go Parfait état,343.8915309478947
350,2023-06-03,iPhone 11 64 Go Parfait état,345.94642916803434
351,2023-06-04,iPhone 11 64 Go Parfait état,348.07379384880073
352,2023-06-05,iPhone 11 64 Go Parfait état,350.16678296685166
353,2023-06-06,iPhone 11 64 Go Parfait état,352.1051078855268
354,2023-06-07,iPhone 11 64 Go Parfait état,353.7684799681655
355,2023-06-08,iPhone 11 64 Go Parfait état,355.06369792244425
356,2023-06-09,iPhone 11 64 Go Parfait état,356.00590983338554
357,2023-06-10,iPhone 11 64 Go Parfait état,356.637351130349
358,2023-06-11,iPhone 11 64 Go Parfait état,357.0002572426934
359,2023-06-12,iPhone 11 64 Go Parfait état,357.13686359977845
360,2023-06-13,iPhone 11 64 Go Parfait état,357.08940563096337
361,2023-06-14,iPhone 11 64 Go Parfait état,356.90011876560715
362,2023-06-15,iPhone 11 64 Go Parfait état,356.6112384330695
363,2023-06-16,iPhone 11 64 Go Parfait état,356.26500006270936
364,2023-06-18,iPhone 11 64 Go Parfait état,355.569390925959
365,2023-06-19,iPhone 11 64 Go Parfait état,355.3044910182874
366,2023-06-20,iPhone 11 64 Go Parfait état,355.1511747902306
367,2023-06-21,iPhone 11 64 Go Parfait état,355.1516776711477
368,2023-06-22,iPhone 11 64 Go Parfait état,355.3482350903982
369,2023-06-23,iPhone 11 64 Go Parfait état,355.7830824773413
370,2023-06-24,iPhone 11 64 Go Parfait état,356.49845526133623
371,2023-06-25,iPhone 11 64 Go Parfait état,357.53658887174225
372,2023-06-26,iPhone 11 64 Go Parfait état,358.93971873791884
373,2023-06-27,iPhone 11 64 Go Parfait état,360.7500802892249
374,2023-06-28,iPhone 11 64 Go Parfait état,362.978743676458
375,2023-06-29,iPhone 11 64 Go Parfait état,365.5121179361655
376,2023-06-30,iPhone 11 64 Go Parfait état,368.2054468263332
377,2023-07-01,iPhone 11 64 Go Parfait état,370.9139741049466
378,2023-07-02,iPhone 11 64 Go Parfait état,373.49294352999146
379,2023-07-03,iPhone 11 64 Go Parfait état,375.7975988594532
380,2023-07-04,iPhone 11 64 Go Parfait état,377.6831838513176
381,2023-07-05,iPhone 11 64 Go Parfait état,379.0049422635703
382,2023-07-06,iPhone 11 64 Go Parfait état,379.6789040504931
383,2023-07-07,iPhone 11 64 Go Parfait état,379.864243951556
384,2023-07-08,iPhone 11 64 Go Parfait état,379.7809229025246
385,2023-07-09,iPhone 11 64 Go Parfait état,379.6489018391652
386,2023-07-11,iPhone 11 64 Go Parfait état,380.1186034125262
387,2023-07-12,iPhone 11 64 Go Parfait état,381.1602479207786
388,2023-07-13,iPhone 11 64 Go Parfait état,383.0330361577672
389,2023-07-14,iPhone 11 64 Go Parfait état,385.956929059258
390,2023-07-15,iPhone 11 64 Go Parfait état,390.1518875610169
391,2023-07-16,iPhone 11 64 Go Parfait état,395.83787259881
392,2023-07-17,iPhone 11 64 Go Parfait état,403.2348451084035
0,2022-03-18,iPhone 11 64 Go Très bon état,408.6654097464877
1,2022-03-19,iPhone 11 64 Go Très bon état,410.2029658190631
2,2022-03-20,iPhone 11 64 Go Très bon état,411.56770896682383
3,2022-04-04,iPhone 11 64 Go Très bon état,416.1372199469432
4,2022-04-05,iPhone 11 64 Go Très bon état,415.7041392459629
5,2022-04-06,iPhone 11 64 Go Très bon état,415.2191434887046
6,2022-04-07,iPhone 11 64 Go Très bon état,414.68934431449406
7,2022-04-20,iPhone 11 64 Go Très bon état,406.9606400002873
8,2022-04-21,iPhone 11 64 Go Très bon état,406.5503151179419
9,2022-04-22,iPhone 11 64 Go Très bon état,406.2018614085297
10,2022-04-23,iPhone 11 64 Go Très bon état,405.9223905113761
11,2022-04-24,iPhone 11 64 Go Très bon état,405.719014065807
12,2022-04-25,iPhone 11 64 Go Très bon état,405.598843711148
13,2022-04-26,iPhone 11 64 Go Très bon état,405.5689910867246
14,2022-04-28,iPhone 11 64 Go Très bon état,405.8086855858882
15,2022-04-29,iPhone 11 64 Go Très bon état,406.09245598812646
16,2022-04-30,iPhone 11 64 Go Très bon état,406.4842702586419
17,2022-05-01,iPhone 11 64 Go Très bon état,406.9376379404538
18,2022-05-02,iPhone 11 64 Go Très bon état,407.3953481573205
19,2022-05-03,iPhone 11 64 Go Très bon état,407.80019003299935
20,2022-05-04,iPhone 11 64 Go Très bon état,408.0949526912491
21,2022-05-05,iPhone 11 64 Go Très bon état,408.2224252558272
22,2022-05-06,iPhone 11 64 Go Très bon état,408.14021024897454
23,2022-05-07,iPhone 11 64 Go Très bon état,407.865163786863
24,2022-05-08,iPhone 11 64 Go Très bon état,407.4289553841471
25,2022-05-09,iPhone 11 64 Go Très bon état,406.86325455548126
26,2022-05-10,iPhone 11 64 Go Très bon état,406.1997308155201
27,2022-05-11,iPhone 11 64 Go Très bon état,405.470053678918
28,2022-05-12,iPhone 11 64 Go Très bon état,404.7058926603297
29,2022-05-13,iPhone 11 64 Go Très bon état,403.9389172744097
30,2022-05-14,iPhone 11 64 Go Très bon état,403.20079703581246
31,2022-05-15,iPhone 11 64 Go Très bon état,402.5176820937935
32,2022-05-16,iPhone 11 64 Go Très bon état,401.893645136013
33,2022-05-17,iPhone 11 64 Go Très bon état,401.3272394847316
34,2022-05-18,iPhone 11 64 Go Très bon état,400.8170184622107
35,2022-05-19,iPhone 11 64 Go Très bon état,400.36153539071097
36,2022-05-20,iPhone 11 64 Go Très bon état,399.9593435924935
37,2022-05-21,iPhone 11 64 Go Très bon état,399.6089963898194
38,2022-05-22,iPhone 11 64 Go Très bon état,399.3090471049495
39,2022-05-23,iPhone 11 64 Go Très bon état,399.05804906014487
40,2022-05-24,iPhone 11 64 Go Très bon état,398.8545555776665
41,2022-05-25,iPhone 11 64 Go Très bon état,398.6971199797754
42,2022-05-26,iPhone 11 64 Go Très bon état,398.5842955887325
43,2022-05-27,iPhone 11 64 Go Très bon état,398.5146357267989
44,2022-05-28,iPhone 11 64 Go Très bon état,398.4866937162354
45,2022-05-29,iPhone 11 64 Go Très bon état,398.4990228793033
46,2022-05-30,iPhone 11 64 Go Très bon état,398.5501765382633
47,2022-05-31,iPhone 11 64 Go Très bon état,398.63870801537655
48,2022-06-01,iPhone 11 64 Go Très bon état,398.76317063290406
49,2022-06-02,iPhone 11 64 Go Très bon état,398.9221177131067
50,2022-06-03,iPhone 11 64 Go Très bon état,399.1141025782456
51,2022-06-04,iPhone 11 64 Go Très bon état,399.33767855058176
52,2022-06-05,iPhone 11 64 Go Très bon état,399.5913989523759
53,2022-06-06,iPhone 11 64 Go Très bon état,399.87381710588943
54,2022-06-07,iPhone 11 64 Go Très bon état,400.1834863333829
55,2022-06-08,iPhone 11 64 Go Très bon état,400.5189599571178
56,2022-06-09,iPhone 11 64 Go Très bon état,400.8787912993547
57,2022-06-10,iPhone 11 64 Go Très bon état,401.2615336823548
58,2022-06-11,iPhone 11 64 Go Très bon état,401.66574042837897
59,2022-06-12,iPhone 11 64 Go Très bon état,402.0899648596884
60,2022-06-13,iPhone 11 64 Go Très bon état,402.532760298544
61,2022-06-14,iPhone 11 64 Go Très bon état,402.99268006720666
62,2022-07-01,iPhone 11 64 Go Très bon état,412.0295078658672
63,2022-07-02,iPhone 11 64 Go Très bon état,412.55028367768847
64,2022-07-03,iPhone 11 64 Go Très bon état,413.0606969422756
65,2022-07-04,iPhone 11 64 Go Très bon état,413.5593009818898
66,2022-07-05,iPhone 11 64 Go Très bon état,414.044649118792
67,2022-07-06,iPhone 11 64 Go Très bon état,414.5152946752432
68,2022-07-07,iPhone 11 64 Go Très bon état,414.9697909735044
69,2022-07-08,iPhone 11 64 Go Très bon état,415.4066913358366
70,2022-07-09,iPhone 11 64 Go Très bon état,415.8245490845008
71,2022-07-10,iPhone 11 64 Go Très bon état,416.2219175417581
72,2022-07-11,iPhone 11 64 Go Très bon état,416.5973500298692
73,2022-07-12,iPhone 11 64 Go Très bon état,416.9493998710953
74,2022-07-13,iPhone 11 64 Go Très bon état,417.2766203876975
75,2022-07-14,iPhone 11 64 Go Très bon état,417.5775649019365
76,2022-07-15,iPhone 11 64 Go Très bon état,417.85078673607353
77,2022-07-16,iPhone 11 64 Go Très bon état,418.0948392123695
78,2022-07-17,iPhone 11 64 Go Très bon état,418.3082756530854
79,2022-07-18,iPhone 11 64 Go Très bon état,418.4896493804823
80,2022-07-19,iPhone 11 64 Go Très bon état,418.6375137168212
81,2022-07-21,iPhone 11 64 Go Très bon état,418.8269275053685
82,2022-07-22,iPhone 11 64 Go Très bon état,418.86673646827154
83,2022-07-23,iPhone 11 64 Go Très bon état,418.87416652619606
84,2022-07-25,iPhone 11 64 Go Très bon état,418.8137720042942
85,2022-07-26,iPhone 11 64 Go Très bon état,418.7568884630605
86,2022-07-28,iPhone 11 64 Go Très bon état,418.6171014165101
87,2022-07-29,iPhone 11 64 Go Très bon état,418.545138949786
88,2022-07-30,iPhone 11 64 Go Très bon état,418.4790912131574
89,2022-07-31,iPhone 11 64 Go Très bon état,418.4244287259212
90,2022-08-01,iPhone 11 64 Go Très bon état,418.3866220073735
91,2022-08-02,iPhone 11 64 Go Très bon état,418.3711415768108
92,2022-08-03,iPhone 11 64 Go Très bon état,418.3834579535293
93,2022-08-04,iPhone 11 64 Go Très bon état,418.4290416568256
94,2022-08-05,iPhone 11 64 Go Très bon état,418.5133632059957
95,2022-08-06,iPhone 11 64 Go Très bon état,418.6418931203362
96,2022-08-07,iPhone 11 64 Go Très bon état,418.8201019191436
97,2022-08-08,iPhone 11 64 Go Très bon état,419.05346012171407
98,2022-08-11,iPhone 11 64 Go Très bon état,420.1337700895944
99,2022-08-12,iPhone 11 64 Go Très bon état,420.604867312569
100,2022-08-13,iPhone 11 64 Go Très bon état,421.0940714713114
101,2022-08-14,iPhone 11 64 Go Très bon état,421.5746555528789
102,2022-08-15,iPhone 11 64 Go Très bon état,422.0198925443295
103,2022-08-16,iPhone 11 64 Go Très bon état,422.40305543272046
104,2022-08-17,iPhone 11 64 Go Très bon état,422.6974172051099
105,2022-08-18,iPhone 11 64 Go Très bon état,422.8762508485553
106,2022-08-19,iPhone 11 64 Go Très bon état,422.9128293501145
107,2022-08-20,iPhone 11 64 Go Très bon état,422.7897630945499
108,2022-08-21,iPhone 11 64 Go Très bon état,422.52701205744336
109,2022-08-22,iPhone 11 64 Go Très bon état,422.153873612082
110,2022-08-23,iPhone 11 64 Go Très bon état,421.69964513175233
111,2022-08-24,iPhone 11 64 Go Très bon état,421.1936239897415
112,2022-08-27,iPhone 11 64 Go Très bon état,419.6181312189454
113,2022-08-28,iPhone 11 64 Go Très bon état,419.1037512826615
114,2022-08-29,iPhone 11 64 Go Très bon état,418.5948595591576
115,2022-08-31,iPhone 11 64 Go Très bon état,417.5917889210062
116,2022-09-09,iPhone 11 64 Go Très bon état,413.2340168360403
117,2022-09-21,iPhone 11 64 Go Très bon état,407.3977946929911
118,2022-09-25,iPhone 11 64 Go Très bon état,405.3290312224684
119,2022-09-26,iPhone 11 64 Go Très bon état,404.7959987642588
120,2022-09-28,iPhone 11 64 Go Très bon état,403.7078582375493
121,2022-09-29,iPhone 11 64 Go Très bon état,403.1518742543078
122,2022-09-30,iPhone 11 64 Go Très bon état,402.5873638479807
123,2022-10-01,iPhone 11 64 Go Très bon état,402.01388906119735
124,2022-10-02,iPhone 11 64 Go Très bon état,401.51782919828105
125,2022-10-04,iPhone 11 64 Go Très bon état,402.5793649101497
126,2022-10-05,iPhone 11 64 Go Très bon état,405.1778917105254
127,2022-10-06,iPhone 11 64 Go Très bon état,409.1699368115719
128,2022-10-07,iPhone 11 64 Go Très bon état,412.32991518727306
129,2022-10-08,iPhone 11 64 Go Très bon état,414.3479336973666
130,2022-10-09,iPhone 11 64 Go Très bon état,415.56275762620027
131,2022-10-10,iPhone 11 64 Go Très bon état,416.2640706194589
132,2022-10-11,iPhone 11 64 Go Très bon état,416.5452297681788
133,2022-10-12,iPhone 11 64 Go Très bon état,416.4505105247337
134,2022-10-13,iPhone 11 64 Go Très bon état,416.0241883414976
135,2022-10-14,iPhone 11 64 Go Très bon état,415.3105386708447
136,2022-10-15,iPhone 11 64 Go Très bon état,414.3538369651485
137,2022-10-16,iPhone 11 64 Go Très bon état,413.1983586767829
138,2022-10-17,iPhone 11 64 Go Très bon état,411.8883792581221
139,2022-10-18,iPhone 11 64 Go Très bon état,410.4681741615398
140,2022-10-19,iPhone 11 64 Go Très bon état,408.98201883941
141,2022-10-20,iPhone 11 64 Go Très bon état,407.4741887441065
142,2022-10-21,iPhone 11 64 Go Très bon état,405.9889593280033
143,2022-10-22,iPhone 11 64 Go Très bon état,404.5706060434744
144,2022-10-23,iPhone 11 64 Go Très bon état,403.25512218957874
145,2022-10-24,iPhone 11 64 Go Très bon état,402.045372452118
146,2022-10-25,iPhone 11 64 Go Très bon état,400.935939363578
147,2022-10-26,iPhone 11 64 Go Très bon état,399.9214054564455
148,2022-10-27,iPhone 11 64 Go Très bon état,398.99635326320697
149,2022-10-28,iPhone 11 64 Go Très bon état,398.1553653163488
150,2022-10-29,iPhone 11 64 Go Très bon état,397.3930241483574
151,2022-10-30,iPhone 11 64 Go Très bon état,396.70391229171935
152,2022-10-31,iPhone 11 64 Go Très bon état,396.082612278921
153,2022-11-01,iPhone 11 64 Go Très bon état,395.5237066424488
154,2022-11-02,iPhone 11 64 Go Très bon état,395.02177791478925
155,2022-11-03,iPhone 11 64 Go Très bon état,394.57140862842897
156,2022-11-04,iPhone 11 64 Go Très bon état,394.16718131585407
157,2022-11-05,iPhone 11 64 Go Très bon état,393.8036785095512
158,2022-11-06,iPhone 11 64 Go Très bon état,393.4754827420068
159,2022-11-07,iPhone 11 64 Go Très bon état,393.1771765457074
160,2022-11-08,iPhone 11 64 Go Très bon état,392.9033424531394
161,2022-11-09,iPhone 11 64 Go Très bon état,392.6485629967892
162,2022-11-10,iPhone 11 64 Go Très bon état,392.40742070914325
163,2022-11-11,iPhone 11 64 Go Très bon état,392.174498122688
164,2022-11-12,iPhone 11 64 Go Très bon état,391.94437776991
165,2022-11-13,iPhone 11 64 Go Très bon état,391.7116421832957
166,2022-11-14,iPhone 11 64 Go Très bon état,391.4708738953315
167,2022-11-15,iPhone 11 64 Go Très bon état,391.21665543850384
168,2022-11-16,iPhone 11 64 Go Très bon état,390.9435693452992
169,2022-11-17,iPhone 11 64 Go Très bon état,390.6461981482041
170,2022-11-18,iPhone 11 64 Go Très bon état,390.319124379705
171,2022-11-19,iPhone 11 64 Go Très bon état,389.9631474529484
172,2022-11-20,iPhone 11 64 Go Très bon état,389.6039343037224
173,2022-11-21,iPhone 11 64 Go Très bon état,389.27336874847487
174,2022-11-22,iPhone 11 64 Go Très bon état,389.0033346036539
175,2022-11-23,iPhone 11 64 Go Très bon état,388.8257156857077
176,2022-11-24,iPhone 11 64 Go Très bon état,388.77239581108427
177,2022-11-25,iPhone 11 64 Go Très bon état,388.8752587962317
178,2022-11-26,iPhone 11 64 Go Très bon état,389.1661884575979
179,2022-11-27,iPhone 11 64 Go Très bon état,389.6770686116313
180,2022-11-28,iPhone 11 64 Go Très bon état,390.43978307477954
181,2022-11-29,iPhone 11 64 Go Très bon état,391.4830174528736
182,2022-11-30,iPhone 11 64 Go Très bon état,392.8226645092736
183,2022-12-01,iPhone 11 64 Go Très bon état,394.47141879672233
184,2022-12-02,iPhone 11 64 Go Très bon état,396.4419748679629
185,2022-12-03,iPhone 11 64 Go Très bon état,398.7314830909326
186,2022-12-04,iPhone 11 64 Go Très bon état,401.27491709434616
187,2022-12-05,iPhone 11 64 Go Très bon état,403.99170632211326
188,2022-12-06,iPhone 11 64 Go Très bon état,406.8012802181431
189,2022-12-07,iPhone 11 64 Go Très bon état,409.6230682263452
190,2022-12-08,iPhone 11 64 Go Très bon état,412.3764997906288
191,2022-12-09,iPhone 11 64 Go Très bon état,414.98100435490346
192,2022-12-10,iPhone 11 64 Go Très bon état,417.35601136307855
193,2022-12-11,iPhone 11 64 Go Très bon état,419.4209502590634
194,2022-12-12,iPhone 11 64 Go Très bon état,421.0952504867674
195,2022-12-13,iPhone 11 64 Go Très bon état,422.2983414901
196,2022-12-14,iPhone 11 64 Go Très bon état,422.9496527129706
197,2022-12-15,iPhone 11 64 Go Très bon état,422.9686135992886
198,2022-12-16,iPhone 11 64 Go Très bon état,422.27465359296326
199,2022-12-17,iPhone 11 64 Go Très bon état,420.7872021379043
200,2022-12-18,iPhone 11 64 Go Très bon état,418.4256886780207
201,2022-12-19,iPhone 11 64 Go Très bon état,415.10954265722216
202,2022-12-20,iPhone 11 64 Go Très bon état,410.758193519418
203,2022-12-21,iPhone 11 64 Go Très bon état,405.29107070851774
204,2022-12-22,iPhone 11 64 Go Très bon état,399.6712458942205
205,2022-12-23,iPhone 11 64 Go Très bon état,397.7042546768143
206,2022-12-24,iPhone 11 64 Go Très bon état,398.91085499208856
207,2022-12-25,iPhone 11 64 Go Très bon état,401.4796998032609
208,2022-12-26,iPhone 11 64 Go Très bon état,403.90490226642646
